,Facts,Rules,Inference,Label,TemplateType
0,Mary painted the ball with blue color. John colored the ball using yellow paint.,"If blue paint is mixed with yellow paint, then it appears green in color.",The ball appears green in colour.,true,Type1-Colormixing
1,Mary painted the ball with blue color. John colored the ball using yellow paint.,"If blue paint is mixed with yellow paint, then it appears green in color.",The ball appears black in colour.,false,Type1-Colormixing
2,Mary painted the ball with blue color. John colored the ball using green paint.,"If blue paint is mixed with green paint, then it appears green in color.",The ball appears green in colour.,true,Type1-Colormixing
3,Mary painted the ball with blue color. John colored the ball using green paint.,"If blue paint is mixed with green paint, then it appears green in color.",The ball appears violet in colour.,false,Type1-Colormixing
4,Mary painted the ball with blue color. John colored the ball using red paint.,"If blue paint is mixed with red paint, then it appears violet in color.",The ball appears violet in colour.,true,Type1-Colormixing
5,Mary painted the ball with blue color. John colored the ball using red paint.,"If blue paint is mixed with red paint, then it appears violet in color.",The ball appears green in colour.,false,Type1-Colormixing
6,Mary painted the ball with blue color. John colored the ball using brown paint.,"If blue paint is mixed with brown paint, then it appears black in color.",The ball appears black in colour.,true,Type1-Colormixing
7,Mary painted the ball with blue color. John colored the ball using brown paint.,"If blue paint is mixed with brown paint, then it appears black in color.",The ball appears violet in colour.,false,Type1-Colormixing
8,Mary painted the ball with yellow color. John colored the ball using blue paint.,"If yellow paint is mixed with blue paint, then it appears green in color.",The ball appears green in colour.,true,Type1-Colormixing
9,Mary painted the ball with yellow color. John colored the ball using blue paint.,"If yellow paint is mixed with blue paint, then it appears green in color.",The ball appears brown in colour.,false,Type1-Colormixing
10,Mary painted the ball with yellow color. John colored the ball using green paint.,"If yellow paint is mixed with green paint, then it appears green in color.",The ball appears green in colour.,true,Type1-Colormixing
11,Mary painted the ball with yellow color. John colored the ball using green paint.,"If yellow paint is mixed with green paint, then it appears green in color.",The ball appears black in colour.,false,Type1-Colormixing
12,Mary painted the ball with yellow color. John colored the ball using red paint.,"If yellow paint is mixed with red paint, then it appears orange in color.",The ball appears orange in colour.,true,Type1-Colormixing
13,Mary painted the ball with yellow color. John colored the ball using red paint.,"If yellow paint is mixed with red paint, then it appears orange in color.",The ball appears green in colour.,false,Type1-Colormixing
14,Mary painted the ball with yellow color. John colored the ball using orange paint.,"If yellow paint is mixed with orange paint, then it appears orange in color.",The ball appears orange in colour.,true,Type1-Colormixing
15,Mary painted the ball with yellow color. John colored the ball using orange paint.,"If yellow paint is mixed with orange paint, then it appears orange in color.",The ball appears green in colour.,false,Type1-Colormixing
16,Mary painted the ball with green color. John colored the ball using blue paint.,"If green paint is mixed with blue paint, then it appears green in color.",The ball appears green in colour.,true,Type1-Colormixing
17,Mary painted the ball with green color. John colored the ball using blue paint.,"If green paint is mixed with blue paint, then it appears green in color.",The ball appears brown in colour.,false,Type1-Colormixing
18,Mary painted the ball with green color. John colored the ball using yellow paint.,"If green paint is mixed with yellow paint, then it appears green in color.",The ball appears green in colour.,true,Type1-Colormixing
19,Mary painted the ball with green color. John colored the ball using yellow paint.,"If green paint is mixed with yellow paint, then it appears green in color.",The ball appears brown in colour.,false,Type1-Colormixing
20,Mary painted the ball with green color. John colored the ball using red paint.,"If green paint is mixed with red paint, then it appears brown in color.",The ball appears brown in colour.,true,Type1-Colormixing
21,Mary painted the ball with green color. John colored the ball using red paint.,"If green paint is mixed with red paint, then it appears brown in color.",The ball appears green in colour.,false,Type1-Colormixing
22,Mary painted the ball with green color. John colored the ball using brown paint.,"If green paint is mixed with brown paint, then it appears brown in color.",The ball appears brown in colour.,true,Type1-Colormixing
23,Mary painted the ball with green color. John colored the ball using brown paint.,"If green paint is mixed with brown paint, then it appears brown in color.",The ball appears green in colour.,false,Type1-Colormixing
24,Mary painted the ball with green color. John colored the ball using orange paint.,"If green paint is mixed with orange paint, then it appears brown in color.",The ball appears brown in colour.,true,Type1-Colormixing
25,Mary painted the ball with green color. John colored the ball using orange paint.,"If green paint is mixed with orange paint, then it appears brown in color.",The ball appears black in colour.,false,Type1-Colormixing
26,Mary painted the ball with red color. John colored the ball using blue paint.,"If red paint is mixed with blue paint, then it appears violet in color.",The ball appears violet in colour.,true,Type1-Colormixing
27,Mary painted the ball with red color. John colored the ball using blue paint.,"If red paint is mixed with blue paint, then it appears violet in color.",The ball appears violet in colour.,false,Type1-Colormixing
28,Mary painted the ball with red color. John colored the ball using yellow paint.,"If red paint is mixed with yellow paint, then it appears orange in color.",The ball appears orange in colour.,true,Type1-Colormixing
29,Mary painted the ball with red color. John colored the ball using yellow paint.,"If red paint is mixed with yellow paint, then it appears orange in color.",The ball appears violet in colour.,false,Type1-Colormixing
30,Mary painted the ball with red color. John colored the ball using green paint.,"If red paint is mixed with green paint, then it appears brown in color.",The ball appears brown in colour.,true,Type1-Colormixing
31,Mary painted the ball with red color. John colored the ball using green paint.,"If red paint is mixed with green paint, then it appears brown in color.",The ball appears orange in colour.,false,Type1-Colormixing
32,Mary painted the ball with red color. John colored the ball using orange paint.,"If red paint is mixed with orange paint, then it appears red in color.",The ball appears red in colour.,true,Type1-Colormixing
33,Mary painted the ball with red color. John colored the ball using orange paint.,"If red paint is mixed with orange paint, then it appears red in color.",The ball appears brown in colour.,false,Type1-Colormixing
34,Mary painted the ball with brown color. John colored the ball using blue paint.,"If brown paint is mixed with blue paint, then it appears black in color.",The ball appears black in colour.,true,Type1-Colormixing
35,Mary painted the ball with brown color. John colored the ball using blue paint.,"If brown paint is mixed with blue paint, then it appears black in color.",The ball appears brown in colour.,false,Type1-Colormixing
36,Mary painted the ball with brown color. John colored the ball using green paint.,"If brown paint is mixed with green paint, then it appears brown in color.",The ball appears brown in colour.,true,Type1-Colormixing
37,Mary painted the ball with brown color. John colored the ball using green paint.,"If brown paint is mixed with green paint, then it appears brown in color.",The ball appears violet in colour.,false,Type1-Colormixing
38,Mary painted the ball with orange color. John colored the ball using yellow paint.,"If orange paint is mixed with yellow paint, then it appears orange in color.",The ball appears orange in colour.,true,Type1-Colormixing
39,Mary painted the ball with orange color. John colored the ball using yellow paint.,"If orange paint is mixed with yellow paint, then it appears orange in color.",The ball appears brown in colour.,false,Type1-Colormixing
40,Mary painted the ball with orange color. John colored the ball using green paint.,"If orange paint is mixed with green paint, then it appears brown in color.",The ball appears brown in colour.,true,Type1-Colormixing
41,Mary painted the ball with orange color. John colored the ball using green paint.,"If orange paint is mixed with green paint, then it appears brown in color.",The ball appears brown in colour.,false,Type1-Colormixing
42,Mary painted the ball with orange color. John colored the ball using red paint.,"If orange paint is mixed with red paint, then it appears red in color.",The ball appears red in colour.,true,Type1-Colormixing
43,Mary painted the ball with orange color. John colored the ball using red paint.,"If orange paint is mixed with red paint, then it appears red in color.",The ball appears orange in colour.,false,Type1-Colormixing
44,Mary painted the ball with black color. John colored the ball using white paint.,"If black paint is mixed with white paint, then it appears black in color.",The ball appears black in colour.,true,Type1-Colormixing
45,Mary painted the ball with black color. John colored the ball using white paint.,"If black paint is mixed with white paint, then it appears black in color.",The ball appears red in colour.,false,Type1-Colormixing
46,Mary painted the ball with white color. John colored the ball using black paint.,"If white paint is mixed with black paint, then it appears black in color.",The ball appears black in colour.,true,Type1-Colormixing
47,Mary painted the box with blue color. John colored the box using yellow paint.,"If blue paint is mixed with yellow paint, then it appears green in color.",The box appears orange in colour.,false,Type1-Colormixing
48,Mary painted the box with blue color. John colored the box using yellow paint.,"If blue paint is mixed with yellow paint, then it appears green in color.",The box appears green in colour.,true,Type1-Colormixing
49,Mary painted the box with blue color. John colored the box using yellow paint.,"If blue paint is mixed with yellow paint, then it appears green in color.",The box appears black in colour.,false,Type1-Colormixing
50,Mary painted the box with blue color. John colored the box using green paint.,"If blue paint is mixed with green paint, then it appears green in color.",The box appears green in colour.,true,Type1-Colormixing
51,Mary painted the box with blue color. John colored the box using green paint.,"If blue paint is mixed with green paint, then it appears green in color.",The box appears violet in colour.,false,Type1-Colormixing
52,Mary painted the box with blue color. John colored the box using red paint.,"If blue paint is mixed with red paint, then it appears violet in color.",The box appears violet in colour.,true,Type1-Colormixing
53,Mary painted the box with blue color. John colored the box using red paint.,"If blue paint is mixed with red paint, then it appears violet in color.",The box appears green in colour.,false,Type1-Colormixing
54,Mary painted the box with blue color. John colored the box using brown paint.,"If blue paint is mixed with brown paint, then it appears black in color.",The box appears black in colour.,true,Type1-Colormixing
55,Mary painted the box with blue color. John colored the box using brown paint.,"If blue paint is mixed with brown paint, then it appears black in color.",The box appears violet in colour.,false,Type1-Colormixing
56,Mary painted the box with yellow color. John colored the box using blue paint.,"If yellow paint is mixed with blue paint, then it appears green in color.",The box appears green in colour.,true,Type1-Colormixing
57,Mary painted the box with yellow color. John colored the box using blue paint.,"If yellow paint is mixed with blue paint, then it appears green in color.",The box appears brown in colour.,false,Type1-Colormixing
58,Mary painted the box with yellow color. John colored the box using green paint.,"If yellow paint is mixed with green paint, then it appears green in color.",The box appears green in colour.,true,Type1-Colormixing
59,Mary painted the box with yellow color. John colored the box using green paint.,"If yellow paint is mixed with green paint, then it appears green in color.",The box appears black in colour.,false,Type1-Colormixing
60,Mary painted the box with yellow color. John colored the box using red paint.,"If yellow paint is mixed with red paint, then it appears orange in color.",The box appears orange in colour.,true,Type1-Colormixing
61,Mary painted the box with yellow color. John colored the box using red paint.,"If yellow paint is mixed with red paint, then it appears orange in color.",The box appears green in colour.,false,Type1-Colormixing
62,Mary painted the box with yellow color. John colored the box using orange paint.,"If yellow paint is mixed with orange paint, then it appears orange in color.",The box appears orange in colour.,true,Type1-Colormixing
63,Mary painted the box with yellow color. John colored the box using orange paint.,"If yellow paint is mixed with orange paint, then it appears orange in color.",The box appears green in colour.,false,Type1-Colormixing
64,Mary painted the box with green color. John colored the box using blue paint.,"If green paint is mixed with blue paint, then it appears green in color.",The box appears green in colour.,true,Type1-Colormixing
65,Mary painted the box with green color. John colored the box using blue paint.,"If green paint is mixed with blue paint, then it appears green in color.",The box appears brown in colour.,false,Type1-Colormixing
66,Mary painted the box with green color. John colored the box using yellow paint.,"If green paint is mixed with yellow paint, then it appears green in color.",The box appears green in colour.,true,Type1-Colormixing
67,Mary painted the box with green color. John colored the box using yellow paint.,"If green paint is mixed with yellow paint, then it appears green in color.",The box appears brown in colour.,false,Type1-Colormixing
68,Mary painted the box with green color. John colored the box using red paint.,"If green paint is mixed with red paint, then it appears brown in color.",The box appears brown in colour.,true,Type1-Colormixing
69,Mary painted the box with green color. John colored the box using red paint.,"If green paint is mixed with red paint, then it appears brown in color.",The box appears green in colour.,false,Type1-Colormixing
70,Mary painted the box with green color. John colored the box using brown paint.,"If green paint is mixed with brown paint, then it appears brown in color.",The box appears brown in colour.,true,Type1-Colormixing
71,Mary painted the box with green color. John colored the box using brown paint.,"If green paint is mixed with brown paint, then it appears brown in color.",The box appears green in colour.,false,Type1-Colormixing
72,Mary painted the box with green color. John colored the box using orange paint.,"If green paint is mixed with orange paint, then it appears brown in color.",The box appears brown in colour.,true,Type1-Colormixing
73,Mary painted the box with green color. John colored the box using orange paint.,"If green paint is mixed with orange paint, then it appears brown in color.",The box appears black in colour.,false,Type1-Colormixing
74,Mary painted the box with red color. John colored the box using blue paint.,"If red paint is mixed with blue paint, then it appears violet in color.",The box appears violet in colour.,true,Type1-Colormixing
75,Mary painted the box with red color. John colored the box using blue paint.,"If red paint is mixed with blue paint, then it appears violet in color.",The box appears violet in colour.,false,Type1-Colormixing
76,Mary painted the box with red color. John colored the box using yellow paint.,"If red paint is mixed with yellow paint, then it appears orange in color.",The box appears orange in colour.,true,Type1-Colormixing
77,Mary painted the box with red color. John colored the box using yellow paint.,"If red paint is mixed with yellow paint, then it appears orange in color.",The box appears violet in colour.,false,Type1-Colormixing
78,Mary painted the box with red color. John colored the box using green paint.,"If red paint is mixed with green paint, then it appears brown in color.",The box appears brown in colour.,true,Type1-Colormixing
79,Mary painted the box with red color. John colored the box using green paint.,"If red paint is mixed with green paint, then it appears brown in color.",The box appears orange in colour.,false,Type1-Colormixing
80,Mary painted the box with red color. John colored the box using orange paint.,"If red paint is mixed with orange paint, then it appears red in color.",The box appears red in colour.,true,Type1-Colormixing
81,Mary painted the box with red color. John colored the box using orange paint.,"If red paint is mixed with orange paint, then it appears red in color.",The box appears brown in colour.,false,Type1-Colormixing
82,Mary painted the box with brown color. John colored the box using blue paint.,"If brown paint is mixed with blue paint, then it appears black in color.",The box appears black in colour.,true,Type1-Colormixing
83,Mary painted the box with brown color. John colored the box using blue paint.,"If brown paint is mixed with blue paint, then it appears black in color.",The box appears brown in colour.,false,Type1-Colormixing
84,Mary painted the box with brown color. John colored the box using green paint.,"If brown paint is mixed with green paint, then it appears brown in color.",The box appears brown in colour.,true,Type1-Colormixing
85,Mary painted the box with brown color. John colored the box using green paint.,"If brown paint is mixed with green paint, then it appears brown in color.",The box appears violet in colour.,false,Type1-Colormixing
86,Mary painted the box with orange color. John colored the box using yellow paint.,"If orange paint is mixed with yellow paint, then it appears orange in color.",The box appears orange in colour.,true,Type1-Colormixing
87,Mary painted the box with orange color. John colored the box using yellow paint.,"If orange paint is mixed with yellow paint, then it appears orange in color.",The box appears brown in colour.,false,Type1-Colormixing
88,Mary painted the box with orange color. John colored the box using green paint.,"If orange paint is mixed with green paint, then it appears brown in color.",The box appears brown in colour.,true,Type1-Colormixing
89,Mary painted the box with orange color. John colored the box using green paint.,"If orange paint is mixed with green paint, then it appears brown in color.",The box appears brown in colour.,false,Type1-Colormixing
90,Mary painted the box with orange color. John colored the box using red paint.,"If orange paint is mixed with red paint, then it appears red in color.",The box appears red in colour.,true,Type1-Colormixing
91,Mary painted the box with orange color. John colored the box using red paint.,"If orange paint is mixed with red paint, then it appears red in color.",The box appears orange in colour.,false,Type1-Colormixing
92,Mary painted the box with black color. John colored the box using white paint.,"If black paint is mixed with white paint, then it appears black in color.",The box appears black in colour.,true,Type1-Colormixing
93,Mary painted the box with black color. John colored the box using white paint.,"If black paint is mixed with white paint, then it appears black in color.",The box appears red in colour.,false,Type1-Colormixing
94,Mary painted the box with white color. John colored the box using black paint.,"If white paint is mixed with black paint, then it appears black in color.",The box appears black in colour.,true,Type1-Colormixing
95,Mary painted the wall with blue color. John colored the wall using yellow paint.,"If blue paint is mixed with yellow paint, then it appears green in color.",The wall appears orange in colour.,false,Type1-Colormixing
96,Mary painted the wall with blue color. John colored the wall using yellow paint.,"If blue paint is mixed with yellow paint, then it appears green in color.",The wall appears green in colour.,true,Type1-Colormixing
97,Mary painted the wall with blue color. John colored the wall using yellow paint.,"If blue paint is mixed with yellow paint, then it appears green in color.",The wall appears black in colour.,false,Type1-Colormixing
98,Mary painted the wall with blue color. John colored the wall using green paint.,"If blue paint is mixed with green paint, then it appears green in color.",The wall appears green in colour.,true,Type1-Colormixing
99,Mary painted the wall with blue color. John colored the wall using green paint.,"If blue paint is mixed with green paint, then it appears green in color.",The wall appears violet in colour.,false,Type1-Colormixing
100,Mary painted the wall with blue color. John colored the wall using red paint.,"If blue paint is mixed with red paint, then it appears violet in color.",The wall appears violet in colour.,true,Type1-Colormixing
101,Mary painted the wall with blue color. John colored the wall using red paint.,"If blue paint is mixed with red paint, then it appears violet in color.",The wall appears green in colour.,false,Type1-Colormixing
102,Mary painted the wall with blue color. John colored the wall using brown paint.,"If blue paint is mixed with brown paint, then it appears black in color.",The wall appears black in colour.,true,Type1-Colormixing
103,Mary painted the wall with blue color. John colored the wall using brown paint.,"If blue paint is mixed with brown paint, then it appears black in color.",The wall appears violet in colour.,false,Type1-Colormixing
104,Mary painted the wall with yellow color. John colored the wall using blue paint.,"If yellow paint is mixed with blue paint, then it appears green in color.",The wall appears green in colour.,true,Type1-Colormixing
105,Mary painted the wall with yellow color. John colored the wall using blue paint.,"If yellow paint is mixed with blue paint, then it appears green in color.",The wall appears brown in colour.,false,Type1-Colormixing
106,Mary painted the wall with yellow color. John colored the wall using green paint.,"If yellow paint is mixed with green paint, then it appears green in color.",The wall appears green in colour.,true,Type1-Colormixing
107,Mary painted the wall with yellow color. John colored the wall using green paint.,"If yellow paint is mixed with green paint, then it appears green in color.",The wall appears black in colour.,false,Type1-Colormixing
108,Mary painted the wall with yellow color. John colored the wall using red paint.,"If yellow paint is mixed with red paint, then it appears orange in color.",The wall appears orange in colour.,true,Type1-Colormixing
109,Mary painted the wall with yellow color. John colored the wall using red paint.,"If yellow paint is mixed with red paint, then it appears orange in color.",The wall appears green in colour.,false,Type1-Colormixing
110,Mary painted the wall with yellow color. John colored the wall using orange paint.,"If yellow paint is mixed with orange paint, then it appears orange in color.",The wall appears orange in colour.,true,Type1-Colormixing
111,Mary painted the wall with yellow color. John colored the wall using orange paint.,"If yellow paint is mixed with orange paint, then it appears orange in color.",The wall appears green in colour.,false,Type1-Colormixing
112,Mary painted the wall with green color. John colored the wall using blue paint.,"If green paint is mixed with blue paint, then it appears green in color.",The wall appears green in colour.,true,Type1-Colormixing
113,Mary painted the wall with green color. John colored the wall using blue paint.,"If green paint is mixed with blue paint, then it appears green in color.",The wall appears brown in colour.,false,Type1-Colormixing
114,Mary painted the wall with green color. John colored the wall using yellow paint.,"If green paint is mixed with yellow paint, then it appears green in color.",The wall appears green in colour.,true,Type1-Colormixing
115,Mary painted the wall with green color. John colored the wall using yellow paint.,"If green paint is mixed with yellow paint, then it appears green in color.",The wall appears brown in colour.,false,Type1-Colormixing
116,Mary painted the wall with green color. John colored the wall using red paint.,"If green paint is mixed with red paint, then it appears brown in color.",The wall appears brown in colour.,true,Type1-Colormixing
117,Mary painted the wall with green color. John colored the wall using red paint.,"If green paint is mixed with red paint, then it appears brown in color.",The wall appears green in colour.,false,Type1-Colormixing
118,Mary painted the wall with green color. John colored the wall using brown paint.,"If green paint is mixed with brown paint, then it appears brown in color.",The wall appears brown in colour.,true,Type1-Colormixing
119,Mary painted the wall with green color. John colored the wall using brown paint.,"If green paint is mixed with brown paint, then it appears brown in color.",The wall appears green in colour.,false,Type1-Colormixing
120,Mary painted the wall with green color. John colored the wall using orange paint.,"If green paint is mixed with orange paint, then it appears brown in color.",The wall appears brown in colour.,true,Type1-Colormixing
121,Mary painted the wall with green color. John colored the wall using orange paint.,"If green paint is mixed with orange paint, then it appears brown in color.",The wall appears black in colour.,false,Type1-Colormixing
122,Mary painted the wall with red color. John colored the wall using blue paint.,"If red paint is mixed with blue paint, then it appears violet in color.",The wall appears violet in colour.,true,Type1-Colormixing
123,Mary painted the wall with red color. John colored the wall using blue paint.,"If red paint is mixed with blue paint, then it appears violet in color.",The wall appears violet in colour.,false,Type1-Colormixing
124,Mary painted the wall with red color. John colored the wall using yellow paint.,"If red paint is mixed with yellow paint, then it appears orange in color.",The wall appears orange in colour.,true,Type1-Colormixing
125,Mary painted the wall with red color. John colored the wall using yellow paint.,"If red paint is mixed with yellow paint, then it appears orange in color.",The wall appears violet in colour.,false,Type1-Colormixing
126,Mary painted the wall with red color. John colored the wall using green paint.,"If red paint is mixed with green paint, then it appears brown in color.",The wall appears brown in colour.,true,Type1-Colormixing
127,Mary painted the wall with red color. John colored the wall using green paint.,"If red paint is mixed with green paint, then it appears brown in color.",The wall appears orange in colour.,false,Type1-Colormixing
128,Mary painted the wall with red color. John colored the wall using orange paint.,"If red paint is mixed with orange paint, then it appears red in color.",The wall appears red in colour.,true,Type1-Colormixing
129,Mary painted the wall with red color. John colored the wall using orange paint.,"If red paint is mixed with orange paint, then it appears red in color.",The wall appears brown in colour.,false,Type1-Colormixing
130,Mary painted the wall with brown color. John colored the wall using blue paint.,"If brown paint is mixed with blue paint, then it appears black in color.",The wall appears black in colour.,true,Type1-Colormixing
131,Mary painted the wall with brown color. John colored the wall using blue paint.,"If brown paint is mixed with blue paint, then it appears black in color.",The wall appears brown in colour.,false,Type1-Colormixing
132,Mary painted the wall with brown color. John colored the wall using green paint.,"If brown paint is mixed with green paint, then it appears brown in color.",The wall appears brown in colour.,true,Type1-Colormixing
133,Mary painted the wall with brown color. John colored the wall using green paint.,"If brown paint is mixed with green paint, then it appears brown in color.",The wall appears violet in colour.,false,Type1-Colormixing
134,Mary painted the wall with orange color. John colored the wall using yellow paint.,"If orange paint is mixed with yellow paint, then it appears orange in color.",The wall appears orange in colour.,true,Type1-Colormixing
135,Mary painted the wall with orange color. John colored the wall using yellow paint.,"If orange paint is mixed with yellow paint, then it appears orange in color.",The wall appears brown in colour.,false,Type1-Colormixing
136,Mary painted the wall with orange color. John colored the wall using green paint.,"If orange paint is mixed with green paint, then it appears brown in color.",The wall appears brown in colour.,true,Type1-Colormixing
137,Mary painted the wall with orange color. John colored the wall using green paint.,"If orange paint is mixed with green paint, then it appears brown in color.",The wall appears brown in colour.,false,Type1-Colormixing
138,Mary painted the wall with orange color. John colored the wall using red paint.,"If orange paint is mixed with red paint, then it appears red in color.",The wall appears red in colour.,true,Type1-Colormixing
139,Mary painted the wall with orange color. John colored the wall using red paint.,"If orange paint is mixed with red paint, then it appears red in color.",The wall appears orange in colour.,false,Type1-Colormixing
140,Mary painted the wall with black color. John colored the wall using white paint.,"If black paint is mixed with white paint, then it appears black in color.",The wall appears black in colour.,true,Type1-Colormixing
141,Mary painted the wall with black color. John colored the wall using white paint.,"If black paint is mixed with white paint, then it appears black in color.",The wall appears red in colour.,false,Type1-Colormixing
142,Mary painted the wall with white color. John colored the wall using black paint.,"If white paint is mixed with black paint, then it appears black in color.",The wall appears black in colour.,true,Type1-Colormixing
143,Mary painted the canvas with blue color. John colored the canvas using yellow paint.,"If blue paint is mixed with yellow paint, then it appears green in color.",The canvas appears orange in colour.,false,Type1-Colormixing
144,Mary painted the canvas with blue color. John colored the canvas using yellow paint.,"If blue paint is mixed with yellow paint, then it appears green in color.",The canvas appears green in colour.,true,Type1-Colormixing
145,Mary painted the canvas with blue color. John colored the canvas using yellow paint.,"If blue paint is mixed with yellow paint, then it appears green in color.",The canvas appears black in colour.,false,Type1-Colormixing
146,Mary painted the canvas with blue color. John colored the canvas using green paint.,"If blue paint is mixed with green paint, then it appears green in color.",The canvas appears green in colour.,true,Type1-Colormixing
147,Mary painted the canvas with blue color. John colored the canvas using green paint.,"If blue paint is mixed with green paint, then it appears green in color.",The canvas appears violet in colour.,false,Type1-Colormixing
148,Mary painted the canvas with blue color. John colored the canvas using red paint.,"If blue paint is mixed with red paint, then it appears violet in color.",The canvas appears violet in colour.,true,Type1-Colormixing
149,Mary painted the canvas with blue color. John colored the canvas using red paint.,"If blue paint is mixed with red paint, then it appears violet in color.",The canvas appears green in colour.,false,Type1-Colormixing
150,Ana painted the ball with blue color. Allen colored the ball using yellow paint.,"If blue paint is mixed with yellow paint, then it appears green in color.",The ball appears green in colour.,true,Type1-Colormixing
151,Ana painted the ball with blue color. Allen colored the ball using yellow paint.,"If blue paint is mixed with yellow paint, then it appears green in color.",The ball appears black in colour.,false,Type1-Colormixing
152,Ana painted the ball with blue color. Allen colored the ball using green paint.,"If blue paint is mixed with green paint, then it appears green in color.",The ball appears green in colour.,true,Type1-Colormixing
153,Ana painted the ball with blue color. Allen colored the ball using green paint.,"If blue paint is mixed with green paint, then it appears green in color.",The ball appears violet in colour.,false,Type1-Colormixing
154,Ana painted the ball with blue color. Allen colored the ball using red paint.,"If blue paint is mixed with red paint, then it appears violet in color.",The ball appears violet in colour.,true,Type1-Colormixing
155,Ana painted the ball with blue color. Allen colored the ball using red paint.,"If blue paint is mixed with red paint, then it appears violet in color.",The ball appears green in colour.,false,Type1-Colormixing
156,Ana painted the ball with blue color. Allen colored the ball using brown paint.,"If blue paint is mixed with brown paint, then it appears black in color.",The ball appears black in colour.,true,Type1-Colormixing
157,Ana painted the ball with blue color. Allen colored the ball using brown paint.,"If blue paint is mixed with brown paint, then it appears black in color.",The ball appears violet in colour.,false,Type1-Colormixing
158,Ana painted the ball with yellow color. Allen colored the ball using blue paint.,"If yellow paint is mixed with blue paint, then it appears green in color.",The ball appears green in colour.,true,Type1-Colormixing
159,Ana painted the ball with yellow color. Allen colored the ball using blue paint.,"If yellow paint is mixed with blue paint, then it appears green in color.",The ball appears brown in colour.,false,Type1-Colormixing
160,Ana painted the ball with yellow color. Allen colored the ball using green paint.,"If yellow paint is mixed with green paint, then it appears green in color.",The ball appears green in colour.,true,Type1-Colormixing
161,Ana painted the ball with yellow color. Allen colored the ball using green paint.,"If yellow paint is mixed with green paint, then it appears green in color.",The ball appears black in colour.,false,Type1-Colormixing
162,Ana painted the ball with yellow color. Allen colored the ball using red paint.,"If yellow paint is mixed with red paint, then it appears orange in color.",The ball appears orange in colour.,true,Type1-Colormixing
163,Ana painted the ball with yellow color. Allen colored the ball using red paint.,"If yellow paint is mixed with red paint, then it appears orange in color.",The ball appears green in colour.,false,Type1-Colormixing
164,Ana painted the ball with yellow color. Allen colored the ball using orange paint.,"If yellow paint is mixed with orange paint, then it appears orange in color.",The ball appears orange in colour.,true,Type1-Colormixing
165,Ana painted the ball with yellow color. Allen colored the ball using orange paint.,"If yellow paint is mixed with orange paint, then it appears orange in color.",The ball appears green in colour.,false,Type1-Colormixing
166,Ana painted the ball with green color. Allen colored the ball using blue paint.,"If green paint is mixed with blue paint, then it appears green in color.",The ball appears green in colour.,true,Type1-Colormixing
167,Ana painted the ball with green color. Allen colored the ball using blue paint.,"If green paint is mixed with blue paint, then it appears green in color.",The ball appears brown in colour.,false,Type1-Colormixing
168,Ana painted the ball with green color. Allen colored the ball using yellow paint.,"If green paint is mixed with yellow paint, then it appears green in color.",The ball appears green in colour.,true,Type1-Colormixing
169,Ana painted the ball with green color. Allen colored the ball using yellow paint.,"If green paint is mixed with yellow paint, then it appears green in color.",The ball appears brown in colour.,false,Type1-Colormixing
170,Ana painted the ball with green color. Allen colored the ball using red paint.,"If green paint is mixed with red paint, then it appears brown in color.",The ball appears brown in colour.,true,Type1-Colormixing
171,Ana painted the ball with green color. Allen colored the ball using red paint.,"If green paint is mixed with red paint, then it appears brown in color.",The ball appears green in colour.,false,Type1-Colormixing
172,Ana painted the ball with green color. Allen colored the ball using brown paint.,"If green paint is mixed with brown paint, then it appears brown in color.",The ball appears brown in colour.,true,Type1-Colormixing
173,Ana painted the ball with green color. Allen colored the ball using brown paint.,"If green paint is mixed with brown paint, then it appears brown in color.",The ball appears green in colour.,false,Type1-Colormixing
174,Ana painted the ball with green color. Allen colored the ball using orange paint.,"If green paint is mixed with orange paint, then it appears brown in color.",The ball appears brown in colour.,true,Type1-Colormixing
175,Ana painted the ball with green color. Allen colored the ball using orange paint.,"If green paint is mixed with orange paint, then it appears brown in color.",The ball appears black in colour.,false,Type1-Colormixing
176,Ana painted the ball with red color. Allen colored the ball using blue paint.,"If red paint is mixed with blue paint, then it appears violet in color.",The ball appears violet in colour.,true,Type1-Colormixing
177,Ana painted the ball with red color. Allen colored the ball using blue paint.,"If red paint is mixed with blue paint, then it appears violet in color.",The ball appears violet in colour.,false,Type1-Colormixing
178,Ana painted the ball with red color. Allen colored the ball using yellow paint.,"If red paint is mixed with yellow paint, then it appears orange in color.",The ball appears orange in colour.,true,Type1-Colormixing
179,Ana painted the ball with red color. Allen colored the ball using yellow paint.,"If red paint is mixed with yellow paint, then it appears orange in color.",The ball appears violet in colour.,false,Type1-Colormixing
180,Ana painted the ball with red color. Allen colored the ball using green paint.,"If red paint is mixed with green paint, then it appears brown in color.",The ball appears brown in colour.,true,Type1-Colormixing
181,Ana painted the ball with red color. Allen colored the ball using green paint.,"If red paint is mixed with green paint, then it appears brown in color.",The ball appears orange in colour.,false,Type1-Colormixing
182,Ana painted the ball with red color. Allen colored the ball using orange paint.,"If red paint is mixed with orange paint, then it appears red in color.",The ball appears red in colour.,true,Type1-Colormixing
183,Ana painted the ball with red color. Allen colored the ball using orange paint.,"If red paint is mixed with orange paint, then it appears red in color.",The ball appears brown in colour.,false,Type1-Colormixing
184,Ana painted the ball with brown color. Allen colored the ball using blue paint.,"If brown paint is mixed with blue paint, then it appears black in color.",The ball appears black in colour.,true,Type1-Colormixing
185,Ana painted the ball with brown color. Allen colored the ball using blue paint.,"If brown paint is mixed with blue paint, then it appears black in color.",The ball appears brown in colour.,false,Type1-Colormixing
186,Ana painted the ball with brown color. Allen colored the ball using green paint.,"If brown paint is mixed with green paint, then it appears brown in color.",The ball appears brown in colour.,true,Type1-Colormixing
187,Ana painted the ball with brown color. Allen colored the ball using green paint.,"If brown paint is mixed with green paint, then it appears brown in color.",The ball appears violet in colour.,false,Type1-Colormixing
188,Ana painted the ball with orange color. Allen colored the ball using yellow paint.,"If orange paint is mixed with yellow paint, then it appears orange in color.",The ball appears orange in colour.,true,Type1-Colormixing
189,Ana painted the ball with orange color. Allen colored the ball using yellow paint.,"If orange paint is mixed with yellow paint, then it appears orange in color.",The ball appears brown in colour.,false,Type1-Colormixing
190,Ana painted the ball with orange color. Allen colored the ball using green paint.,"If orange paint is mixed with green paint, then it appears brown in color.",The ball appears brown in colour.,true,Type1-Colormixing
191,Ana painted the ball with orange color. Allen colored the ball using green paint.,"If orange paint is mixed with green paint, then it appears brown in color.",The ball appears brown in colour.,false,Type1-Colormixing
192,Ana painted the ball with orange color. Allen colored the ball using red paint.,"If orange paint is mixed with red paint, then it appears red in color.",The ball appears red in colour.,true,Type1-Colormixing
193,Ana painted the ball with orange color. Allen colored the ball using red paint.,"If orange paint is mixed with red paint, then it appears red in color.",The ball appears orange in colour.,false,Type1-Colormixing
194,Ana painted the ball with black color. Allen colored the ball using white paint.,"If black paint is mixed with white paint, then it appears black in color.",The ball appears black in colour.,true,Type1-Colormixing
195,Ana painted the ball with black color. Allen colored the ball using white paint.,"If black paint is mixed with white paint, then it appears black in color.",The ball appears red in colour.,false,Type1-Colormixing
196,Ana painted the ball with white color. Allen colored the ball using black paint.,"If white paint is mixed with black paint, then it appears black in color.",The ball appears black in colour.,true,Type1-Colormixing
197,Ana painted the box with blue color. Allen colored the box using yellow paint.,"If blue paint is mixed with yellow paint, then it appears green in color.",The box appears orange in colour.,false,Type1-Colormixing
198,Ana painted the box with blue color. Allen colored the box using yellow paint.,"If blue paint is mixed with yellow paint, then it appears green in color.",The box appears green in colour.,true,Type1-Colormixing
199,Ana painted the box with blue color. Allen colored the box using yellow paint.,"If blue paint is mixed with yellow paint, then it appears green in color.",The box appears black in colour.,false,Type1-Colormixing
200,Ana painted the box with blue color. Allen colored the box using green paint.,"If blue paint is mixed with green paint, then it appears green in color.",The box appears green in colour.,true,Type1-Colormixing
201,Ana painted the box with blue color. Allen colored the box using green paint.,"If blue paint is mixed with green paint, then it appears green in color.",The box appears violet in colour.,false,Type1-Colormixing
202,Ana painted the box with blue color. Allen colored the box using red paint.,"If blue paint is mixed with red paint, then it appears violet in color.",The box appears violet in colour.,true,Type1-Colormixing
203,Ana painted the box with blue color. Allen colored the box using red paint.,"If blue paint is mixed with red paint, then it appears violet in color.",The box appears green in colour.,false,Type1-Colormixing
204,Ana painted the box with blue color. Allen colored the box using brown paint.,"If blue paint is mixed with brown paint, then it appears black in color.",The box appears black in colour.,true,Type1-Colormixing
205,Ana painted the box with blue color. Allen colored the box using brown paint.,"If blue paint is mixed with brown paint, then it appears black in color.",The box appears violet in colour.,false,Type1-Colormixing
206,Ana painted the box with yellow color. Allen colored the box using blue paint.,"If yellow paint is mixed with blue paint, then it appears green in color.",The box appears green in colour.,true,Type1-Colormixing
207,Ana painted the box with yellow color. Allen colored the box using blue paint.,"If yellow paint is mixed with blue paint, then it appears green in color.",The box appears brown in colour.,false,Type1-Colormixing
208,Ana painted the box with yellow color. Allen colored the box using green paint.,"If yellow paint is mixed with green paint, then it appears green in color.",The box appears green in colour.,true,Type1-Colormixing
209,Ana painted the box with yellow color. Allen colored the box using green paint.,"If yellow paint is mixed with green paint, then it appears green in color.",The box appears black in colour.,false,Type1-Colormixing
210,Ana painted the box with yellow color. Allen colored the box using red paint.,"If yellow paint is mixed with red paint, then it appears orange in color.",The box appears orange in colour.,true,Type1-Colormixing
211,Ana painted the box with yellow color. Allen colored the box using red paint.,"If yellow paint is mixed with red paint, then it appears orange in color.",The box appears green in colour.,false,Type1-Colormixing
212,Ana painted the box with yellow color. Allen colored the box using orange paint.,"If yellow paint is mixed with orange paint, then it appears orange in color.",The box appears orange in colour.,true,Type1-Colormixing
213,Ana painted the box with yellow color. Allen colored the box using orange paint.,"If yellow paint is mixed with orange paint, then it appears orange in color.",The box appears green in colour.,false,Type1-Colormixing
214,Ana painted the box with green color. Allen colored the box using blue paint.,"If green paint is mixed with blue paint, then it appears green in color.",The box appears green in colour.,true,Type1-Colormixing
215,Ana painted the box with green color. Allen colored the box using blue paint.,"If green paint is mixed with blue paint, then it appears green in color.",The box appears brown in colour.,false,Type1-Colormixing
216,Ana painted the box with green color. Allen colored the box using yellow paint.,"If green paint is mixed with yellow paint, then it appears green in color.",The box appears green in colour.,true,Type1-Colormixing
217,Ana painted the box with green color. Allen colored the box using yellow paint.,"If green paint is mixed with yellow paint, then it appears green in color.",The box appears brown in colour.,false,Type1-Colormixing
218,Ana painted the box with green color. Allen colored the box using red paint.,"If green paint is mixed with red paint, then it appears brown in color.",The box appears brown in colour.,true,Type1-Colormixing
219,Ana painted the box with green color. Allen colored the box using red paint.,"If green paint is mixed with red paint, then it appears brown in color.",The box appears green in colour.,false,Type1-Colormixing
220,Ana painted the box with green color. Allen colored the box using brown paint.,"If green paint is mixed with brown paint, then it appears brown in color.",The box appears brown in colour.,true,Type1-Colormixing
221,Ana painted the box with green color. Allen colored the box using brown paint.,"If green paint is mixed with brown paint, then it appears brown in color.",The box appears green in colour.,false,Type1-Colormixing
222,Ana painted the box with green color. Allen colored the box using orange paint.,"If green paint is mixed with orange paint, then it appears brown in color.",The box appears brown in colour.,true,Type1-Colormixing
223,Ana painted the box with green color. Allen colored the box using orange paint.,"If green paint is mixed with orange paint, then it appears brown in color.",The box appears black in colour.,false,Type1-Colormixing
224,Ana painted the box with red color. Allen colored the box using blue paint.,"If red paint is mixed with blue paint, then it appears violet in color.",The box appears violet in colour.,true,Type1-Colormixing
225,Ana painted the box with red color. Allen colored the box using blue paint.,"If red paint is mixed with blue paint, then it appears violet in color.",The box appears violet in colour.,false,Type1-Colormixing
226,Ana painted the box with red color. Allen colored the box using yellow paint.,"If red paint is mixed with yellow paint, then it appears orange in color.",The box appears orange in colour.,true,Type1-Colormixing
227,Ana painted the box with red color. Allen colored the box using yellow paint.,"If red paint is mixed with yellow paint, then it appears orange in color.",The box appears violet in colour.,false,Type1-Colormixing
228,Ana painted the box with red color. Allen colored the box using green paint.,"If red paint is mixed with green paint, then it appears brown in color.",The box appears brown in colour.,true,Type1-Colormixing
229,Ana painted the box with red color. Allen colored the box using green paint.,"If red paint is mixed with green paint, then it appears brown in color.",The box appears orange in colour.,false,Type1-Colormixing
230,Ana painted the box with red color. Allen colored the box using orange paint.,"If red paint is mixed with orange paint, then it appears red in color.",The box appears red in colour.,true,Type1-Colormixing
231,Ana painted the box with red color. Allen colored the box using orange paint.,"If red paint is mixed with orange paint, then it appears red in color.",The box appears brown in colour.,false,Type1-Colormixing
232,Ana painted the box with brown color. Allen colored the box using blue paint.,"If brown paint is mixed with blue paint, then it appears black in color.",The box appears black in colour.,true,Type1-Colormixing
233,Ana painted the box with brown color. Allen colored the box using blue paint.,"If brown paint is mixed with blue paint, then it appears black in color.",The box appears brown in colour.,false,Type1-Colormixing
234,Ana painted the box with brown color. Allen colored the box using green paint.,"If brown paint is mixed with green paint, then it appears brown in color.",The box appears brown in colour.,true,Type1-Colormixing
235,Ana painted the box with brown color. Allen colored the box using green paint.,"If brown paint is mixed with green paint, then it appears brown in color.",The box appears violet in colour.,false,Type1-Colormixing
236,Ana painted the box with orange color. Allen colored the box using yellow paint.,"If orange paint is mixed with yellow paint, then it appears orange in color.",The box appears orange in colour.,true,Type1-Colormixing
237,Ana painted the box with orange color. Allen colored the box using yellow paint.,"If orange paint is mixed with yellow paint, then it appears orange in color.",The box appears brown in colour.,false,Type1-Colormixing
238,Ana painted the box with orange color. Allen colored the box using green paint.,"If orange paint is mixed with green paint, then it appears brown in color.",The box appears brown in colour.,true,Type1-Colormixing
239,Ana painted the box with orange color. Allen colored the box using green paint.,"If orange paint is mixed with green paint, then it appears brown in color.",The box appears brown in colour.,false,Type1-Colormixing
240,Ana painted the box with orange color. Allen colored the box using red paint.,"If orange paint is mixed with red paint, then it appears red in color.",The box appears red in colour.,true,Type1-Colormixing
241,Ana painted the box with orange color. Allen colored the box using red paint.,"If orange paint is mixed with red paint, then it appears red in color.",The box appears orange in colour.,false,Type1-Colormixing
242,Ana painted the box with black color. Allen colored the box using white paint.,"If black paint is mixed with white paint, then it appears black in color.",The box appears black in colour.,true,Type1-Colormixing
243,Ana painted the box with black color. Allen colored the box using white paint.,"If black paint is mixed with white paint, then it appears black in color.",The box appears red in colour.,false,Type1-Colormixing
244,Ana painted the box with white color. Allen colored the box using black paint.,"If white paint is mixed with black paint, then it appears black in color.",The box appears black in colour.,true,Type1-Colormixing
245,Ana painted the wall with blue color. Allen colored the wall using yellow paint.,"If blue paint is mixed with yellow paint, then it appears green in color.",The wall appears orange in colour.,false,Type1-Colormixing
246,Ana painted the wall with blue color. Allen colored the wall using yellow paint.,"If blue paint is mixed with yellow paint, then it appears green in color.",The wall appears green in colour.,true,Type1-Colormixing
247,Ana painted the wall with blue color. Allen colored the wall using yellow paint.,"If blue paint is mixed with yellow paint, then it appears green in color.",The wall appears black in colour.,false,Type1-Colormixing
248,Ana painted the wall with blue color. Allen colored the wall using green paint.,"If blue paint is mixed with green paint, then it appears green in color.",The wall appears green in colour.,true,Type1-Colormixing
249,Ana painted the wall with blue color. Allen colored the wall using green paint.,"If blue paint is mixed with green paint, then it appears green in color.",The wall appears violet in colour.,false,Type1-Colormixing
250,Ana painted the wall with blue color. Allen colored the wall using red paint.,"If blue paint is mixed with red paint, then it appears violet in color.",The wall appears violet in colour.,true,Type1-Colormixing
251,Ana painted the wall with blue color. Allen colored the wall using red paint.,"If blue paint is mixed with red paint, then it appears violet in color.",The wall appears green in colour.,false,Type1-Colormixing
252,Ana painted the wall with blue color. Allen colored the wall using brown paint.,"If blue paint is mixed with brown paint, then it appears black in color.",The wall appears black in colour.,true,Type1-Colormixing
253,Ana painted the wall with blue color. Allen colored the wall using brown paint.,"If blue paint is mixed with brown paint, then it appears black in color.",The wall appears violet in colour.,false,Type1-Colormixing
254,Ana painted the wall with yellow color. Allen colored the wall using blue paint.,"If yellow paint is mixed with blue paint, then it appears green in color.",The wall appears green in colour.,true,Type1-Colormixing
255,Ana painted the wall with yellow color. Allen colored the wall using blue paint.,"If yellow paint is mixed with blue paint, then it appears green in color.",The wall appears brown in colour.,false,Type1-Colormixing
256,Ana painted the wall with yellow color. Allen colored the wall using green paint.,"If yellow paint is mixed with green paint, then it appears green in color.",The wall appears green in colour.,true,Type1-Colormixing
257,Ana painted the wall with yellow color. Allen colored the wall using green paint.,"If yellow paint is mixed with green paint, then it appears green in color.",The wall appears black in colour.,false,Type1-Colormixing
258,Ana painted the wall with yellow color. Allen colored the wall using red paint.,"If yellow paint is mixed with red paint, then it appears orange in color.",The wall appears orange in colour.,true,Type1-Colormixing
259,Ana painted the wall with yellow color. Allen colored the wall using red paint.,"If yellow paint is mixed with red paint, then it appears orange in color.",The wall appears green in colour.,false,Type1-Colormixing
260,Ana painted the wall with yellow color. Allen colored the wall using orange paint.,"If yellow paint is mixed with orange paint, then it appears orange in color.",The wall appears orange in colour.,true,Type1-Colormixing
261,Ana painted the wall with yellow color. Allen colored the wall using orange paint.,"If yellow paint is mixed with orange paint, then it appears orange in color.",The wall appears green in colour.,false,Type1-Colormixing
262,Ana painted the wall with green color. Allen colored the wall using blue paint.,"If green paint is mixed with blue paint, then it appears green in color.",The wall appears green in colour.,true,Type1-Colormixing
263,Ana painted the wall with green color. Allen colored the wall using blue paint.,"If green paint is mixed with blue paint, then it appears green in color.",The wall appears brown in colour.,false,Type1-Colormixing
264,Ana painted the wall with green color. Allen colored the wall using yellow paint.,"If green paint is mixed with yellow paint, then it appears green in color.",The wall appears green in colour.,true,Type1-Colormixing
265,Ana painted the wall with green color. Allen colored the wall using yellow paint.,"If green paint is mixed with yellow paint, then it appears green in color.",The wall appears brown in colour.,false,Type1-Colormixing
266,Ana painted the wall with green color. Allen colored the wall using red paint.,"If green paint is mixed with red paint, then it appears brown in color.",The wall appears brown in colour.,true,Type1-Colormixing
267,Ana painted the wall with green color. Allen colored the wall using red paint.,"If green paint is mixed with red paint, then it appears brown in color.",The wall appears green in colour.,false,Type1-Colormixing
268,Ana painted the wall with green color. Allen colored the wall using brown paint.,"If green paint is mixed with brown paint, then it appears brown in color.",The wall appears brown in colour.,true,Type1-Colormixing
269,Ana painted the wall with green color. Allen colored the wall using brown paint.,"If green paint is mixed with brown paint, then it appears brown in color.",The wall appears green in colour.,false,Type1-Colormixing
270,Ana painted the wall with green color. Allen colored the wall using orange paint.,"If green paint is mixed with orange paint, then it appears brown in color.",The wall appears brown in colour.,true,Type1-Colormixing
271,Ana painted the wall with green color. Allen colored the wall using orange paint.,"If green paint is mixed with orange paint, then it appears brown in color.",The wall appears black in colour.,false,Type1-Colormixing
272,Ana painted the wall with red color. Allen colored the wall using blue paint.,"If red paint is mixed with blue paint, then it appears violet in color.",The wall appears violet in colour.,true,Type1-Colormixing
273,Ana painted the wall with red color. Allen colored the wall using blue paint.,"If red paint is mixed with blue paint, then it appears violet in color.",The wall appears violet in colour.,false,Type1-Colormixing
274,Ana painted the wall with red color. Allen colored the wall using yellow paint.,"If red paint is mixed with yellow paint, then it appears orange in color.",The wall appears orange in colour.,true,Type1-Colormixing
275,Ana painted the wall with red color. Allen colored the wall using yellow paint.,"If red paint is mixed with yellow paint, then it appears orange in color.",The wall appears violet in colour.,false,Type1-Colormixing
276,Ana painted the wall with red color. Allen colored the wall using green paint.,"If red paint is mixed with green paint, then it appears brown in color.",The wall appears brown in colour.,true,Type1-Colormixing
277,Ana painted the wall with red color. Allen colored the wall using green paint.,"If red paint is mixed with green paint, then it appears brown in color.",The wall appears orange in colour.,false,Type1-Colormixing
278,Ana painted the wall with red color. Allen colored the wall using orange paint.,"If red paint is mixed with orange paint, then it appears red in color.",The wall appears red in colour.,true,Type1-Colormixing
279,Ana painted the wall with red color. Allen colored the wall using orange paint.,"If red paint is mixed with orange paint, then it appears red in color.",The wall appears brown in colour.,false,Type1-Colormixing
280,Ana painted the wall with brown color. Allen colored the wall using blue paint.,"If brown paint is mixed with blue paint, then it appears black in color.",The wall appears black in colour.,true,Type1-Colormixing
281,Ana painted the wall with brown color. Allen colored the wall using blue paint.,"If brown paint is mixed with blue paint, then it appears black in color.",The wall appears brown in colour.,false,Type1-Colormixing
282,Ana painted the wall with brown color. Allen colored the wall using green paint.,"If brown paint is mixed with green paint, then it appears brown in color.",The wall appears brown in colour.,true,Type1-Colormixing
283,Ana painted the wall with brown color. Allen colored the wall using green paint.,"If brown paint is mixed with green paint, then it appears brown in color.",The wall appears violet in colour.,false,Type1-Colormixing
284,Ana painted the wall with orange color. Allen colored the wall using yellow paint.,"If orange paint is mixed with yellow paint, then it appears orange in color.",The wall appears orange in colour.,true,Type1-Colormixing
285,Ana painted the wall with orange color. Allen colored the wall using yellow paint.,"If orange paint is mixed with yellow paint, then it appears orange in color.",The wall appears brown in colour.,false,Type1-Colormixing
286,Ana painted the wall with orange color. Allen colored the wall using green paint.,"If orange paint is mixed with green paint, then it appears brown in color.",The wall appears brown in colour.,true,Type1-Colormixing
287,Ana painted the wall with orange color. Allen colored the wall using green paint.,"If orange paint is mixed with green paint, then it appears brown in color.",The wall appears brown in colour.,false,Type1-Colormixing
288,Ana painted the wall with orange color. Allen colored the wall using red paint.,"If orange paint is mixed with red paint, then it appears red in color.",The wall appears red in colour.,true,Type1-Colormixing
289,Ana painted the wall with orange color. Allen colored the wall using red paint.,"If orange paint is mixed with red paint, then it appears red in color.",The wall appears orange in colour.,false,Type1-Colormixing
290,Ana painted the wall with black color. Allen colored the wall using white paint.,"If black paint is mixed with white paint, then it appears black in color.",The wall appears black in colour.,true,Type1-Colormixing
291,Ana painted the wall with black color. Allen colored the wall using white paint.,"If black paint is mixed with white paint, then it appears black in color.",The wall appears red in colour.,false,Type1-Colormixing
292,Ana painted the wall with white color. Allen colored the wall using black paint.,"If white paint is mixed with black paint, then it appears black in color.",The wall appears black in colour.,true,Type1-Colormixing
293,Ana painted the canvas with blue color. Allen colored the canvas using yellow paint.,"If blue paint is mixed with yellow paint, then it appears green in color.",The canvas appears orange in colour.,false,Type1-Colormixing
294,Ana painted the canvas with blue color. Allen colored the canvas using yellow paint.,"If blue paint is mixed with yellow paint, then it appears green in color.",The canvas appears green in colour.,true,Type1-Colormixing
295,Ana painted the canvas with blue color. Allen colored the canvas using yellow paint.,"If blue paint is mixed with yellow paint, then it appears green in color.",The canvas appears black in colour.,false,Type1-Colormixing
296,Ana painted the canvas with blue color. Allen colored the canvas using green paint.,"If blue paint is mixed with green paint, then it appears green in color.",The canvas appears green in colour.,true,Type1-Colormixing
297,Ana painted the canvas with blue color. Allen colored the canvas using green paint.,"If blue paint is mixed with green paint, then it appears green in color.",The canvas appears violet in colour.,false,Type1-Colormixing
298,Ana painted the canvas with blue color. Allen colored the canvas using red paint.,"If blue paint is mixed with red paint, then it appears violet in color.",The canvas appears violet in colour.,true,Type1-Colormixing
299,Ana painted the canvas with blue color. Allen colored the canvas using red paint.,"If blue paint is mixed with red paint, then it appears violet in color.",The canvas appears green in colour.,false,Type1-Colormixing
